id;active;name;categories;price;tax_rules_ID;wholesale_price;on_sale;discount_amount;discount_percent;discount_from;discount_to;reference;supplier_reference;supplier;manufacturer;EAN13;UPC;ecotax;width;height;depth;weight;quantity;minimal_quantity;visibility;additional_shipping_cost;unity;unit_price;short_description;description;tags;meta_title;meta_keywords;meta_description;url_rewrite;text_when_in_stock;text_when_backorder_allowed;available_for_order;product_available_date;product_creation_date;show_price;image_urls;delete_existing_images;feature;available_online_only;condition_;customizable;uploadable;text_fields;out_of_stock;shop_id;advanced_stock_management;depends_on_stock;warehouse
2415;1;"FG ST BL PERLA";7,40;206.528926;1;;1;25.90;10.364146;;;;;;45;;;;;;;;5;1;;;;;;"<p><strong> CASCO HJC INTEGRAL FG-ST BLANCO PERLA </strong></p>
<p><strong>Casco integral probado en el banco de pruebas del t&uacute;nel de viento. &nbsp;</strong></p>
<p><span style=""text-decoration: underline;""><strong>CARACTER&Iacute;STICAS:</strong></span> &nbsp;</p>
<p><em><strong>Calota Externa</strong></em></p>
<ul>
<li>Calota de composite avanzado de fibra de vidrio que hace que el casco destaque por su ligereza, gran ajuste y confortabilidad gracias al uso de la tecnolog&iacute;a avanzada CAD. &nbsp;</li>
</ul>
<p><em><strong>Interior</strong></em></p>
<ul>
<li>Interiores fabricados en Silvercool&trade;, un material transpirable, antibacteriano&nbsp; y que evita los olores.</li>
<li>Las carrilleras, as&iacute; como la coronilla, se pueden desmontar y lavar.</li>
<li>Todas las tallas de carrilleras son intercambiables en todas las tallas del casco. &nbsp;</li>
</ul>
<p><em><strong>Pantalla</strong></em></p>
<ul>
<li>Pantalla solar ahumada integrada de f&aacute;cil y r&aacute;pido desmontaje.</li>
<li>Pantalla &oacute;pticamente superior preparada para la instalaci&oacute;n del &uacute;ltimo Pinlock&reg; anti-vaho con nuevo dise&ntilde;o 3D y protecci&oacute;n anti-ara&ntilde;azos.</li>
<li>Incluye lente anti-vaho Pinlock 100% Max Vision.&nbsp; &nbsp;</li>
</ul>
<p><em><strong>Ventilaci&oacute;n</strong></em></p>
<ul>
<li>Sistema avanzado ACS de canalizaci&oacute;n de la ventilaci&oacute;n que conduce todo el flujo de aire de la parte frontal a la trasera, expulsando hacia fuera el calor y la humedad.</li>
</ul>";ciudad,carretera,;"FG ST BL PERLA";;;casco-integral-hjc-fg-st-bl-perla;"En stock";"Bajo pedido";1;2015-04-11;2015-04-11;1;http://bubumotos.com/data/producto/grande/1432025029_2415_casco_fg_st_bl_perla1_bubumotos.jpg,http://bubumotos.com/data/producto/grande/1432025038_2415_casco_fg_st_bl_perla_bubumotos_3.jpg,http://bubumotos.com/data/producto/grande/1432025034_2415_casco_fg_st_bl_perla_bubumotos_2.jpg;1;;0;;0;0;0;0;1;0;0;0
2416;1;"FG ST NE BR";7,40;206.528926;1;;1;25.90;10.364146;;;;;;45;;;;;;;;3;1;;;;;;"<p><strong> CASCO HJC INTEGRAL FG-ST&nbsp; NEGRO BRILANTE. </strong></p>
<p><strong>Casco integral probado en el banco de pruebas del t&uacute;nel de viento. &nbsp;</strong></p>
<p><span style=""text-decoration: underline;""><strong>CARACTER&Iacute;STICAS:</strong></span> &nbsp;</p>
<p><em><strong>Calota Externa</strong></em></p>
<ul>
<li>Calota de composite avanzado de fibra de vidrio que hace que el casco destaque por su ligereza, gran ajuste y confortabilidad gracias al uso de la tecnolog&iacute;a avanzada CAD. &nbsp;</li>
</ul>
<p><em><strong>Interior</strong></em></p>
<ul>
<li>Interiores fabricados en Silvercool&trade;, un material transpirable, antibacteriano&nbsp; y que evita los olores.</li>
<li>Las carrilleras, as&iacute; como la coronilla, se pueden desmontar y lavar.</li>
<li>Todas las tallas de carrilleras son intercambiables en todas las tallas del casco. &nbsp;</li>
</ul>
<p><em><strong>Pantalla</strong></em></p>
<ul>
<li>Pantalla solar ahumada integrada de f&aacute;cil y r&aacute;pido desmontaje.</li>
<li>Pantalla &oacute;pticamente superior preparada para la instalaci&oacute;n del &uacute;ltimo Pinlock&reg; anti-vaho con nuevo dise&ntilde;o 3D y protecci&oacute;n anti-ara&ntilde;azos.</li>
<li>Incluye lente anti-vaho Pinlock 100% Max Vision.&nbsp; &nbsp;</li>
</ul>
<p><em><strong>Ventilaci&oacute;n</strong></em></p>
<ul>
<li>Sistema avanzado ACS de canalizaci&oacute;n de la ventilaci&oacute;n que conduce todo el flujo de aire de la parte frontal a la trasera, expulsando hacia fuera el calor y la humedad.</li>
</ul>";ciudad,carretera,;"FG ST NE BR";;;casco-integral-hjc-fg-st-ne-br;"En stock";"Bajo pedido";1;2015-04-11;2015-04-11;1;http://bubumotos.com/data/producto/grande/1432027461_2416_casco_fg_st_bl_negro_brillante_bubumotos.jpg,http://bubumotos.com/data/producto/grande/1432027702_2416_casco_fg_st_bl_negro_brillante_bubumotos_2.jpg;1;;0;;0;0;0;0;1;0;0;0
2417;1;"FG ST NE MAT";7,40;206.528926;1;;1;25.90;10.364146;;;;;;45;;;;;;;;4;1;;;;;;"<p><strong> CASCO HJC INTEGRAL FG-ST&nbsp; NEGRO BRILL </strong></p>
<p><strong>Casco integral probado en el banco de pruebas del t&uacute;nel de viento. &nbsp;</strong></p>
<p><span style=""text-decoration: underline;""><strong>CARACTER&Iacute;STICAS:</strong></span> &nbsp;</p>
<p><em><strong>Calota Externa</strong></em></p>
<ul>
<li>Calota de composite avanzado de fibra de vidrio que hace que el casco destaque por su ligereza, gran ajuste y confortabilidad gracias al uso de la tecnolog&iacute;a avanzada CAD. &nbsp;</li>
</ul>
<p><em><strong>Interior</strong></em></p>
<ul>
<li>Interiores fabricados en Silvercool&trade;, un material transpirable, antibacteriano&nbsp; y que evita los olores.</li>
<li>Las carrilleras, as&iacute; como la coronilla, se pueden desmontar y lavar.</li>
<li>Todas las tallas de carrilleras son intercambiables en todas las tallas del casco. &nbsp;</li>
</ul>
<p><em><strong>Pantalla</strong></em></p>
<ul>
<li>Pantalla solar ahumada integrada de f&aacute;cil y r&aacute;pido desmontaje.</li>
<li>Pantalla &oacute;pticamente superior preparada para la instalaci&oacute;n del &uacute;ltimo Pinlock&reg; anti-vaho con nuevo dise&ntilde;o 3D y protecci&oacute;n anti-ara&ntilde;azos.</li>
<li>Incluye lente anti-vaho Pinlock 100% Max Vision.&nbsp; &nbsp;</li>
</ul>
<p><em><strong>Ventilaci&oacute;n</strong></em></p>
<ul>
<li>Sistema avanzado ACS de canalizaci&oacute;n de la ventilaci&oacute;n que conduce todo el flujo de aire de la parte frontal a la trasera, expulsando hacia fuera el calor y la humedad.</li>
</ul>";ciudad,carretera,;"FG ST NE MAT";;;casco-integral-hjc-fg-st-ne-mat;"En stock";"Bajo pedido";1;2015-04-11;2015-04-11;1;http://bubumotos.com/data/producto/grande/1432027546_2417_casco_fg_st_bl_negro_mate_bubumotos.jpg,http://bubumotos.com/data/producto/grande/1432027686_2417_casco_fg_st_bl_negro_mate_bubumotos_2.jpg;1;;0;;0;0;0;0;1;0;0;0
2418;1;"PANTALON DRYSTAR GR NE";24;116.074380;1;;0;NULL;NULL;;;;;;11;;;;;;;;0;1;;;;;;"<p><strong>PANTAL&Oacute;N ANDES DRYSTAR GR NE</strong></p>
<p>Pantal&oacute;n muy vers&aacute;til, que se adapta a la perfecci&oacute;n ante cualquier situaci&oacute;n clim&aacute;tica, gracias al exclusivo tejido Drystar&reg; de Alpinestars (100% impermeable y transpirable), al forro t&eacute;rmico desmontable y a las entradas de aire.</p>
<p>Completan este pantal&oacute;n las protecciones desmontables en las rodillas, los paneles el&aacute;sticos en zonas estrat&eacute;gicas y varios bolsillos.</p>
<p>Confeccionado en poli&eacute;ster 600D con revestimiento PU para una durabilidad y resistencia adicionales.</p>
<p>Incorpora el exclusivo tejido Drystar&reg; de Alpinestars (100% impermeable y transpirable), ofreciendo un excelente rendimiento en cualquier condici&oacute;n clim&aacute;tica.</p>
<p>Forro t&eacute;rmico desmontable.Paneles el&aacute;sticos en la zona de la entrepierna y detr&aacute;s de las rodillas.Inserciones el&aacute;sticas en acorde&oacute;n en las rodillas.</p>
<p>Grandes entradas de aire con cremallera.Protecciones Bio Armor desmontables en las rodillas (con certificaci&oacute;n CE).</p>
<p>Compartimentos en las caderas con protecciones de espuma.Se pueden montar las protecciones Alpinestars Hip (no incluidas).</p>
<p>Elementos reflectantes para una mejor visibilidad en conducci&oacute;n nocturna o con poca luz.Rodillas 3D pre-curvadas para una mayor comodidad en la posici&oacute;n de conducci&oacute;n.</p>
<p>Tirantes desmontables.</p>
<p>Cintura regulable.</p>
<p>4 bolsillos exteriores (2 de ellos impermeables).</p>
<p>Cremallera de conexi&oacute;n chaqueta-pantal&oacute;n Alpinestars.</p>";carretera,;"PANTALON DRYSTAR GR NE";;;pantalon-alpinestars-pantalon-drystar-gr-ne;"En stock";"Bajo pedido";1;2015-04-11;2015-04-11;1;http://bubumotos.com/data/producto/grande/1428749833_andes_drystar_gris_negro.jpg;1;;0;;0;0;0;0;1;0;0;0
2419;1;"CONNOR LADY";14,41;29.752066;1;;0;NULL;NULL;;;;;;82;;;;;;;;7;1;;;;;;NULL;ciudad,carretera,;"CONNOR LADY";;;guantes-invierno-quartermile-connor-lady;"En stock";"Bajo pedido";1;2015-04-14;2015-04-14;1;NULL;1;;0;;0;0;0;0;1;0;0;0
2420;1;"CANDADO GRANIT VICTORY X PLUS 68";62;94.173554;1;;0;NULL;NULL;;;;;;107;;;;;;;;2;1;;;;;;"<p><strong>CANDADO GRANIT VICTORY X PLUS 68</strong></p>
<p>Candado fabricado por Abus muy pr&aacute;ctico con anillo de goma y perno&nbsp;de acero de 14 mm.</p>
<p>La forma redonda y las tres piezas de giro independiente obstaculizan el uso de herramientas de apertura Cilindro ABUS X Plus para mayor protecci&oacute;n contra manipulaciones.</p>
<p>Se entregan dos llaves con la cerradura, una de las claves de la antorcha LED Tarjeta C&oacute;digo ABUS para claves adicionales o de reemplazo.</p>";ciudad,;"CANDADO GRANIT VICTORY X PLUS 68";;;antirrobo-abus-candado-granit-victory-x-plus-68;"En stock";"Bajo pedido";1;2015-04-14;2015-04-14;1;http://bubumotos.com/data/producto/grande/1429004841_candado_68.jpg;1;;0;;0;0;0;0;1;0;0;0
2421;1;"HX-207 BL";7,40;98.347107;1;;0;NULL;NULL;;;;;;99;;;;;;;;5;1;;;;;;"<p><strong>HX-207 BL</strong></p>
<p>Casco de enduro fabricado por IXS en policarbonato.</p>
<p>Sistema de ventilaci&oacute;n en la frente y en el ment&oacute;n.</p>
<p>Revestimiento de alta calidad desmontable.</p>";cross,trial,casual,;"HX-207 BL";;;casco-integral-ixs-hx-207-bl;"En stock";"Bajo pedido";1;2015-04-14;2015-04-14;1;http://bubumotos.com/data/producto/grande/1429007996_hx-207_bl.jpg,http://bubumotos.com/data/producto/grande/1429008009_hx-207_bl_a.jpg,http://bubumotos.com/data/producto/grande/1429008005_hx-207_bl_d.jpg,http://bubumotos.com/data/producto/grande/1429008001_hx-207_bl_l.jpg;1;;0;;0;0;0;0;1;0;0;0
2422;1;"HX-207 NE MAT";7,40;98.347107;1;;0;NULL;NULL;;;;;;99;;;;;;;;5;1;;;;;;"<p><strong>HX-207 NE MAT</strong></p>
<p>Casco de enduro fabricado por IXS en policarbonato.</p>
<p>Sistema de ventilaci&oacute;n en la frente y en el ment&oacute;n.</p>
<p>Revestimiento de alta calidad desmontable.</p>";cross,trial,casual,;"HX-207 NE MAT";;;casco-integral-ixs-hx-207-ne-mat;"En stock";"Bajo pedido";1;2015-04-14;2015-04-14;1;http://bubumotos.com/data/producto/grande/1429008647_hx-207_ne.jpg,http://bubumotos.com/data/producto/grande/1429008655_hx-207_ne_a.jpg,http://bubumotos.com/data/producto/grande/1429008651_hx-207_ne_l.jpg;1;;0;;0;0;0;0;1;0;0;0
2423;1;"HX-207 ATLAS";7,40;106.611570;1;;0;NULL;NULL;;;;;;99;;;;;;;;2;1;;;;;;"<p><strong>HX-207 ATLAS</strong></p>
<p>Casco de enduro fabricado por IXS en policarbonato.</p>
<p>Sistema de ventilaci&oacute;n en la frente y en el ment&oacute;n.</p>
<p>Revestimiento de alta calidad desmontable.</p>";cross,trial,casual,;"HX-207 ATLAS";;;casco-integral-ixs-hx-207-atlas;"En stock";"Bajo pedido";1;2015-04-14;2015-04-14;1;http://bubumotos.com/data/producto/grande/1429009894_atlas.jpg,http://bubumotos.com/data/producto/grande/1429009926_atlas_a.jpg,http://bubumotos.com/data/producto/grande/1429009921_atlas_d.jpg,http://bubumotos.com/data/producto/grande/1429009908_atlas_l.jpg,http://bubumotos.com/data/producto/grande/1429009898_atlas_2.jpg;1;;0;;0;0;0;0;1;0;0;0
2424;1;"RS COMBAT  HP N/BL";14,37;36.363636;1;;0;NULL;NULL;;;;;;114;;;;;;;;6;1;;;;;;"<p><strong>RS COMBAT &nbsp;HP N/BL</strong></p>
<p>Guantes de verano de piel girada.</p>";ciudad,carretera,;"RS COMBAT  HP N/BL";;;guantes-verano-ixon-rs-combat-hp-n-bl;"En stock";"Bajo pedido";1;2015-04-15;2015-04-15;1;http://bubumotos.com/data/producto/grande/1429087993_rs_combat_hp_ne_bl.jpg,http://bubumotos.com/data/producto/grande/1429087996_rs_combat_hp_ne_bl_d.jpg;1;;0;;0;0;0;0;1;0;0;0
2425;1;"RS GRIP HP";14,37;44.628099;1;;0;NULL;NULL;;;;;;114;;;;;;;;6;1;;;;;;"<p><strong>RS GRIP HP</strong></p>
<p>Guantes de verano fabricados en piel y textil.</p>";ciudad,carretera,;"RS GRIP HP";;;guantes-verano-ixon-rs-grip-hp;"En stock";"Bajo pedido";1;2015-04-15;2015-04-15;1;http://bubumotos.com/data/producto/grande/1429088917_rs_grip_hp.jpg,http://bubumotos.com/data/producto/grande/1429088921_rs_grip_hp_d.jpg;1;;0;;0;0;0;0;1;0;0;0
2426;1;"SAMUR LADY";14,37;18.181818;1;;0;NULL;NULL;;;;;;99;;;;;;;;5;1;;;;;;"<p><strong>SAMUR LADY</strong></p>
<p>Guante de verano hecho de malla y sarga de Lycra, en la zona de la palma y pulgar reforzado con Clarino.</p>
<p>Pu&ntilde;o ajustable en ancho con cierre de velcro.</p>";ciudad,carretera,;"SAMUR LADY";;;guantes-verano-ixs-samur-lady;"En stock";"Bajo pedido";1;2015-04-15;2015-04-15;1;http://bubumotos.com/data/producto/grande/1429090021_samur_lady.jpg;1;;0;;0;0;0;0;1;0;0;0
2427;1;"IXS SAMUR";14,37;18.181818;1;;0;NULL;NULL;;;;;;99;;;;;;;;9;1;;;;;;"<p><strong>SAMUR</strong></p>
<p>Guante de verano hecho de malla y sarga de Lycra, en la zona de la palma y pulgar reforzado con Clarino.</p>
<p>Pu&ntilde;o ajustable en ancho con cierre de velcro.</p>";ciudad,carretera,;"IXS SAMUR";;;guantes-verano-ixs-ixs-samur;"En stock";"Bajo pedido";1;2015-04-15;2015-04-15;1;http://bubumotos.com/data/producto/grande/1429090419_samur.jpg;1;;0;;0;0;0;0;1;0;0;0
2428;1;"RS LIFT HP AM";14,37;32.231405;1;;0;NULL;NULL;;;;;;114;;;;;;;;5;1;;;;;;"<p><strong>RS LIFT HP AM</strong></p>
<p>Guantes de verano muy ligeros.</p>
<p>Protecciones incorporadas.</p>
<p>Pu&ntilde;o ajustable con velcro.</p>";ciudad,carretera,;"RS LIFT HP AM";;;guantes-verano-ixon-rs-lift-hp-am;"En stock";"Bajo pedido";1;2015-04-15;2015-04-15;1;http://bubumotos.com/data/producto/grande/1429091162_lift_ama.jpg,http://bubumotos.com/data/producto/grande/1429091165_lift_ama_d.jpg;1;;0;;0;0;0;0;1;0;0;0
2429;1;"RS LIFT HP NE/RO";14,37;32.231405;1;;0;NULL;NULL;;;;;;114;;;;;;;;10;1;;;;;;"<p><strong>RS LIFT HP NE/RO</strong></p>
<p>Guantes de verano muy ligeros.</p>
<p>Protecciones incorporadas.</p>
<p>Pu&ntilde;o ajustable con velcro.</p>";ciudad,carretera,;"RS LIFT HP NE/RO";;;guantes-verano-ixon-rs-lift-hp-ne-ro;"En stock";"Bajo pedido";1;2015-04-15;2015-04-15;1;http://bubumotos.com/data/producto/grande/1429091429_lift_ne_ro.jpg,http://bubumotos.com/data/producto/grande/1429091432_lift_ne_ro_d.jpg;1;;0;;0;0;0;0;1;0;0;0
2430;1;"RS LIFT HP NE/BL";14,37;32.231405;1;;0;NULL;NULL;;;;;;114;;;;;;;;8;1;;;;;;"<p><strong>RS LIFT HP NE</strong></p>
<p>Guantes de verano muy ligeros.</p>
<p>Protecciones incorporadas.</p>
<p>Pu&ntilde;o ajustable con velcro.</p>";ciudad,carretera,;"RS LIFT HP NE/BL";;;guantes-verano-ixon-rs-lift-hp-ne-bl;"En stock";"Bajo pedido";1;2015-04-15;2015-04-15;1;http://bubumotos.com/data/producto/grande/1429091610_lift_ne_bl.jpg;1;;0;;0;0;0;0;1;0;0;0
2431;1;"RS RALLYE HP BL/NE/RO";14,37;57.024793;1;;0;NULL;NULL;;;;;;114;;;;;;;;7;1;;;;;;"<p><strong>RS RALLYE HP BL/NE/RO</strong></p>
<p>Guantes largos de verano.</p>
<p>Protecciones incorporadas y muy flexible en los dedos.&nbsp;</p>";ciudad,carretera,;"RS RALLYE HP BL/NE/RO";;;guantes-verano-ixon-rs-rallye-hp-bl-ne-ro;"En stock";"Bajo pedido";1;2015-04-15;2015-04-15;1;http://bubumotos.com/data/producto/grande/1429092891_rs_rallye_hp_bl_ne_ro.jpg;1;;0;;0;0;0;0;1;0;0;0
2432;1;"RS RALLYE HP NE/BL/FL";14,37;57.024793;1;;0;NULL;NULL;;;;;;114;;;;;;;;4;1;;;;;;"<p><strong>RS RALLYE HP NE/BL/FL</strong></p>
<p>Guantes largos de verano.</p>
<p>Protecciones incorporadas y muy flexible en los dedos.&nbsp;</p>";ciudad,carretera,;"RS RALLYE HP NE/BL/FL";;;guantes-verano-ixon-rs-rallye-hp-ne-bl-fl;"En stock";"Bajo pedido";1;2015-04-15;2015-04-15;1;http://bubumotos.com/data/producto/grande/1429093199_rs_rallye_hp_bl_ne_am.jpg;1;;0;;0;0;0;0;1;0;0;0
2433;1;"TOURMAX SONIC BL";38;176.033058;1;;0;NULL;NULL;;;;;;70;;;;;;;;1;1;;;;;;"<p><strong>CASCO CABERG TOURMAX SONIC BLANCO</strong></p>
<p>caberg Tourmax&nbsp;es el primer casco modular Adventure pensado para los amantes del mundo del Enduro. Este nuevo casco de la firma italiana Caberg, est&aacute; fabricado 100% en Italia. El modelo Tourmax destaca por su versatilidad y su comodidad.</p>
<p>La calota exterior est&aacute; hecha en Thermopl&aacute;stica de primera calidad, ha sido testada contra los impactos.</p>
<p>El cierre microm&eacute;trico es muy sencillo de utilizar incluso para los motoristas con menos experiencia.</p>
<p>Gracias a que dispone de la doble homologaci&oacute;n P / J dual ( integral-jet ), te permite conducir con la mentonera abierta con total seguridad gracias a la palanca situada en el lado izquierdo del casco, que bloquea cualquier cierre accidental de la misma.</p>
<p>Est&aacute; dotado de&nbsp;un mecanismo que mueve autom&aacute;ticamente la pantalla cuando se abre el protector de la barbilla para reducir al m&aacute;ximo&nbsp;los ruidos de la resitencia del aire.&nbsp;La pantalla cuenta con el exclusivo sistema Doble Visor Tech: visor solar interno, de muy f&aacute;cil utilizaci&oacute;n y con acceso en la zona superior central del casco y pantalla exterior con tratamiento anti rayas muy duradera al paso del tiempo, preparada para Pinlock (Pinlock incluido).&nbsp;La pantalla se desmonta f&aacute;cil y r&aacute;pidamente sin necesidad de herramientas.</p>
<p>El sistema de ventilaci&oacute;n cuenta con entradas de aire que mantiene la cabeza fresca y extractores de aire, que evac&uacute;an el aire caliente del interior del casco, f&aacute;ciles de utilitar incluso con guantes.</p>
<p>Interior totalmente desmontable y lavable realizado con tejido&nbsp; altamente transpirable y con tratamiento antial&eacute;rgico, con insercciones reflectantes en la parte posterior del cuello.&nbsp;Barbillera desmontable.</p>
<p>Sistema antiturbulencia en la nuca. Aerodin&aacute;mica testada en t&uacute;nel de viento.Pre-instalaci&oacute;n de Bluetooth para conectar el sistema de comunicaci&oacute;n Caberg ""JUST Speak Easy"" (no incluido) , que te permite comunicarte no s&oacute;lo con tu propio tel&eacute;fono m&oacute;vil y tu pasajero, sino tambi&eacute;n para conectarte a un sistema de GPS, escuchar m&uacute;sica a trav&eacute;s de tu tel&eacute;fono m&oacute;vil o un reproductor de MP3.&nbsp;</p>
<p>Peso: 1.600 gr. + / - 50 gr.</p>";cross,trial,casual,;"TOURMAX SONIC BL";;;casco-modular-caberg-tourmax-sonic-bl;"En stock";"Bajo pedido";1;2015-04-15;2015-04-15;1;http://bubumotos.com/data/producto/grande/1429096996_sonic_bl.jpg,http://bubumotos.com/data/producto/grande/1429097008_sonic_bl_m.jpg,http://bubumotos.com/data/producto/grande/1429097002_sonic_bl_l.jpg;1;;0;;0;0;0;0;1;0;0;0
2434;1;"TOURMAX SONIC RO";7,38;176.033058;1;;0;NULL;NULL;;;;;;70;;;;;;;;1;1;;;;;;"<p><strong>CASCO CABERG TOURMAX SONIC ROJO</strong></p>
<p>caberg Tourmax&nbsp;es el primer casco modular Adventure pensado para los amantes del mundo del Enduro. Este nuevo casco de la firma italiana Caberg, est&aacute; fabricado 100% en Italia. El modelo Tourmax destaca por su versatilidad y su comodidad.</p>
<p>La calota exterior est&aacute; hecha en Thermopl&aacute;stica de primera calidad, ha sido testada contra los impactos.</p>
<p>El cierre microm&eacute;trico es muy sencillo de utilizar incluso para los motoristas con menos experiencia.</p>
<p>Gracias a que dispone de la doble homologaci&oacute;n P / J dual ( integral-jet ), te permite conducir con la mentonera abierta con total seguridad gracias a la palanca situada en el lado izquierdo del casco, que bloquea cualquier cierre accidental de la misma.</p>
<p>Est&aacute; dotado de&nbsp;un mecanismo que mueve autom&aacute;ticamente la pantalla cuando se abre el protector de la barbilla para reducir al m&aacute;ximo&nbsp;los ruidos de la resitencia del aire.&nbsp;La pantalla cuenta con el exclusivo sistema Doble Visor Tech: visor solar interno, de muy f&aacute;cil utilizaci&oacute;n y con acceso en la zona superior central del casco y pantalla exterior con tratamiento anti rayas muy duradera al paso del tiempo, preparada para Pinlock (Pinlock incluido).&nbsp;La pantalla se desmonta f&aacute;cil y r&aacute;pidamente sin necesidad de herramientas.</p>
<p>El sistema de ventilaci&oacute;n cuenta con entradas de aire que mantiene la cabeza fresca y extractores de aire, que evac&uacute;an el aire caliente del interior del casco, f&aacute;ciles de utilitar incluso con guantes.</p>
<p>Interior totalmente desmontable y lavable realizado con tejido&nbsp; altamente transpirable y con tratamiento antial&eacute;rgico, con insercciones reflectantes en la parte posterior del cuello.&nbsp;Barbillera desmontable.</p>
<p>Sistema antiturbulencia en la nuca. Aerodin&aacute;mica testada en t&uacute;nel de viento.Pre-instalaci&oacute;n de Bluetooth para conectar el sistema de comunicaci&oacute;n Caberg ""JUST Speak Easy"" (no incluido) , que te permite comunicarte no s&oacute;lo con tu propio tel&eacute;fono m&oacute;vil y tu pasajero, sino tambi&eacute;n para conectarte a un sistema de GPS, escuchar m&uacute;sica a trav&eacute;s de tu tel&eacute;fono m&oacute;vil o un reproductor de MP3.</p>
<p>Peso: 1.600 gr. + / - 50 gr.</p>";cross,trial,casual,;"TOURMAX SONIC RO";;;casco-modular-caberg-tourmax-sonic-ro;"En stock";"Bajo pedido";1;2015-04-15;2015-04-15;1;http://bubumotos.com/data/producto/grande/1429094704_sonic_ro.jpg,http://bubumotos.com/data/producto/grande/1429094718_sonic_ro_m.jpg,http://bubumotos.com/data/producto/grande/1429094713_sonic_ro_d.jpg,http://bubumotos.com/data/producto/grande/1429094709_sonic_ro_l.jpg;1;;0;;0;0;0;0;1;0;0;0
2435;1;"FG JET CR SILVER";7,36;147.933884;1;;0;NULL;NULL;;;;;;45;;;;;;;;1;1;;;;;;"<p><strong>FG JET CR SILVER</strong></p>
<p>Casco jet fabricado por HJC.</p>
<p>La calota es de composite y Fibra de Vidrio; muy ligera, gran ajuste y confort gracias al uso de avanzada tecnolog&iacute;a CAD.</p>
<p>Incorpora pantalla solar retr&aacute;ctil y con protecci&oacute;n UV con mecanismo de pantalla solar integrada One-Touch.&nbsp;Pantalla preparada para Pinlock&reg;</p>
<p>Sistema avanzado de canalizaci&oacute;n de la ventilaci&oacute;n: todo el flujo de aire es conducido de la parte frontal a la posterior, expulsando hacia fuera el calor y la humedad.</p>
<p>Interior Silverool&trade;: interiores drenantes de la humedad y sin olores, con tejido avanzado anti-bacteriano. Tanto las carrilleras como la coronilla son desmontables y lavables.</p>";ciudad,;"FG JET CR SILVER";;;casco-jet-hjc-fg-jet-cr-silver;"En stock";"Bajo pedido";1;2015-04-16;2015-04-16;1;http://bubumotos.com/data/producto/grande/1429174349_fg_jet_silver.jpg;1;;0;;0;0;0;0;1;0;0;0
2436;1;"FG JET ANTHRACITE";7,36;147.933884;1;;0;NULL;NULL;;;;;;45;;;;;;;;1;1;;;;;;"<p><strong>FG JET ANTHRACITE</strong></p>
<p>Casco jet fabricado por HJC.</p>
<p>La calota es de composite y Fibra de Vidrio; muy ligera, gran ajuste y confort gracias al uso de avanzada tecnolog&iacute;a CAD.</p>
<p>Incorpora pantalla solar retr&aacute;ctil y con protecci&oacute;n UV con mecanismo de pantalla solar integrada One-Touch.&nbsp;Pantalla preparada para Pinlock&reg;Sistema avanzado de canalizaci&oacute;n de la ventilaci&oacute;n: todo el flujo de aire es conducido de la parte frontal a la posterior, expulsando hacia fuera el calor y la humedad.</p>
<p>Interior Silverool&trade;: interiores drenantes de la humedad y sin olores, con tejido avanzado anti-bacteriano. Tanto las carrilleras como la coronilla son desmontables y lavables.</p>";ciudad,;"FG JET ANTHRACITE";;;casco-jet-hjc-fg-jet-anthracite;"En stock";"Bajo pedido";1;2015-04-16;2015-04-16;1;http://bubumotos.com/data/producto/grande/1429175255_fg_jet_anthracite.jpg;1;;0;;0;0;0;0;1;0;0;0
2437;1;"FG JET NE BR";7,36;147.933884;1;;0;NULL;NULL;;;;;;45;;;;;;;;3;1;;;;;;"<p><strong>FG JET NE BR</strong></p>
<p style=""text-align: justify;"">Casco jet fabricado por HJC.</p>
<p style=""text-align: justify;"">La calota es de composite y Fibra de Vidrio; muy ligera, gran ajuste y confort gracias al uso de avanzada tecnolog&iacute;a CAD.</p>
<p style=""text-align: justify;"">Incorpora pantalla solar retr&aacute;ctil y con protecci&oacute;n UV con mecanismo de pantalla solar integrada One-Touch.&nbsp;Pantalla preparada para Pinlock&reg;</p>
<p style=""text-align: justify;"">Sistema avanzado de canalizaci&oacute;n de la ventilaci&oacute;n: todo el flujo de aire es conducido de la parte frontal a la posterior, expulsando hacia fuera el calor y la humedad.</p>
<p style=""text-align: justify;"">Interior Silverool&trade;: interiores drenantes de la humedad y sin olores, con tejido avanzado anti-bacteriano. Tanto las carrilleras como la coronilla son desmontables y lavables.</p>";ciudad,;"FG JET NE BR";;;casco-jet-hjc-fg-jet-ne-br;"En stock";"Bajo pedido";1;2015-04-16;2015-04-16;1;http://bubumotos.com/data/producto/grande/1429175766_fg_jet_ne_br.jpg;1;;0;;0;0;0;0;1;0;0;0
2438;1;"CUPULA C/KITA D448S";61;98.347107;1;;0;NULL;NULL;;;;;;64;;;;;;;;0;1;;;;;;"<p><strong>CUPULA C/KITA D448S</strong></p>
<p>CUPULA C/KITA D448S es un parabrisas de pantalla ahumada de tama&ntilde;o 55.5x55.5 cm&nbsp;&nbsp;para Yamaha FZ8 / Fazer 8 800 2010-11.&nbsp;</p>";ciudad,carretera,;"CUPULA C/KITA D448S";;;accesorio-givi-cupula-c-kita-d448s;"En stock";"Bajo pedido";1;2015-04-16;2015-04-16;1;http://bubumotos.com/data/producto/grande/1429178639_d448s_1_d448s_(1).jpg;1;;0;;0;0;0;0;1;0;0;0
2439;1;PRX-3;14,37;57.851240;1;;0;NULL;NULL;;;;;;16;;;;;;;;4;1;;;;;;"<p><strong>PRX-3</strong></p>
<p>GUANTE VERANO PIEL PRX-3 fabricados por ON BOARD ROJO.</p>
<p>Protecciones de carbono, separadas para mayor comodidad en nudillos y dedos. Protecci&oacute;n r&iacute;gida en antebrazo. Protecciones semir&iacute;gidas en el lateral exterior resistentes a la abrasi&oacute;n.&nbsp;Protecci&oacute;n en la palma en piel y kevlar con doble costura.</p>
<p>3 cierres por velcro, 2 en el antebrazo y 1 en la mu&ntilde;eca.</p>
<p>Entradas de aire en dedos y nudillos.</p>";ciudad,carretera,;PRX-3;;;guantes-verano-on-board-prx-3;"En stock";"Bajo pedido";1;2015-04-16;2015-04-16;1;http://bubumotos.com/data/producto/grande/1429181633_prx-3.jpg;1;;0;;0;0;0;0;1;0;0;0
2440;1;"KIT AUDIO 2MIC F5 F3 F4";20,56;24.710744;1;;0;NULL;NULL;;;;;;102;;;;;;;;1;1;;;;;;"<p>KIT AUDIO 2MIC F5 F3 F4</p>
<p>Compatible con Interphone F5, F5S, F3XT, F4XT, F5XT, F3MC, F4MC i F5MC</p>
<p>Micr&oacute;fono de varilla con doble altavoz.</p>
<p>Velcro adhesivo.</p>
<p>&nbsp;</p>";ciudad,carretera,;"KIT AUDIO 2MIC F5 F3 F4";;;camara-y-gps-interphone-cellular-line-kit-audio-2mic-f5-f3-f4;"En stock";"Bajo pedido";1;2015-04-16;2015-04-16;1;http://bubumotos.com/data/producto/grande/1429183285_micinterphonef4_590x400.jpg;1;;0;;0;0;0;0;1;0;0;0
2442;1;"KIT METALICO DUCATI-BMW";61;20.661157;1;;0;NULL;NULL;;;;;;64;;;;;;;;1;1;;;;;;NULL;carretera,;"KIT METALICO DUCATI-BMW";;;accesorio-givi-kit-metalico-ducati-bmw;"En stock";"Bajo pedido";1;2015-04-18;2015-04-18;1;NULL;1;;0;;0;0;0;0;1;0;0;0
2444;1;"FF325 STROBE NE MAT";7,38;83.471074;1;;0;NULL;NULL;;;;;;15;;;;;;;;13;1;;;;;;"<p><strong>FF325 STROBE NE MAT</strong></p>
<p>Casco de color negro mate fabricado por LS2 de doble calota de policarbonato.</p>
<p>La pantalla tiene un tratamiento antivaho y antiarralladuras y est&aacute; preparada para Pinlock. Incluye pantalla solar integrada.</p>
<p>Sistema de ventilaci&oacute;n a trav&eacute;s de entrada y salida de aire.</p>
<p>Cierre micrometrico.</p>
<p>El interior es de un tejido transpirable con tratamiento antibacteriano. Almohadillas preformadas corte l&aacute;ser para una adaptaci&oacute;n. Extra&iacute;ble y lavable.</p>
<p>Cortinilla de mentonera.</p>
<p>Preparado para sistema de audio Bluetooth.</p>
<p>PESO:&nbsp;1550g</p>";ciudad,carretera,;"FF325 STROBE NE MAT";;;casco-modular-ls2-ff325-strobe-ne-mat;"En stock";"Bajo pedido";1;2015-04-22;2015-04-22;1;http://bubumotos.com/data/producto/grande/1429695387_strobe_ne_mat.jpg;1;;0;;0;0;0;0;1;0;0;0
2445;1;"FF325 STROBE NE BR";7,38;83.471074;1;;0;NULL;NULL;;;;;;15;;;;;;;;11;1;;;;;;"<p><strong>FF325 STROBE NE BR</strong></p>
<p>Casco de color negro mate fabricado por LS2 de doble calota de policarbonato.</p>
<p>La pantalla tiene un tratamiento antivaho y antiarralladuras y est&aacute; preparada para Pinlock. Incluye pantalla solar integrada.</p>
<p>Sistema de ventilaci&oacute;n a trav&eacute;s de entrada y salida de aire.</p>
<p>Cierre micrometrico.</p>
<p>El interior es de un tejido transpirable con tratamiento antibacteriano. Almohadillas preformadas corte l&aacute;ser para una adaptaci&oacute;n. Extra&iacute;ble y lavable.</p>
<p>Cortinilla de mentonera.</p>
<p>Preparado para sistema de audio Bluetooth.</p>
<p>PESO:&nbsp;1550g</p>";ciudad,carretera,;"FF325 STROBE NE BR";;;casco-modular-ls2-ff325-strobe-ne-br;"En stock";"Bajo pedido";1;2015-04-22;2015-04-22;1;http://bubumotos.com/data/producto/grande/1429696421_strobe_ne_br.jpg;1;;0;;0;0;0;0;1;0;0;0
2446;1;"FF325 STROBE BL BR";7,38;83.471074;1;;0;NULL;NULL;;;;;;15;;;;;;;;7;1;;;;;;"<p><strong>FF325 STROBE BL BR</strong></p>
<p>Casco de color negro mate fabricado por LS2 de doble calota de policarbonato.</p>
<p>La pantalla tiene un tratamiento antivaho y antiarralladuras y est&aacute; preparada para Pinlock. Incluye pantalla solar integrada.</p>
<p>Sistema de ventilaci&oacute;n a trav&eacute;s de entrada y salida de aire.</p>
<p>Cierre micrometrico.</p>
<p>El interior es de un tejido transpirable con tratamiento antibacteriano. Almohadillas preformadas corte l&aacute;ser para una adaptaci&oacute;n. Extra&iacute;ble y lavable.</p>
<p>Cortinilla de mentonera.</p>
<p>Preparado para sistema de audio Bluetooth.</p>
<p>PESO:&nbsp;1550g</p>";ciudad,carretera,;"FF325 STROBE BL BR";;;casco-modular-ls2-ff325-strobe-bl-br;"En stock";"Bajo pedido";1;2015-04-22;2015-04-22;1;http://bubumotos.com/data/producto/grande/1429697031_strobe_bl_br.jpg;1;;0;;0;0;0;0;1;0;0;0
2447;1;"ALFORJAS 3D600";61;221.487603;1;;1;26.80;10.000000;;;;;;64;;;;;;;;1;1;;;;;;"<p><strong>ALFORJAS 3D600</strong></p>
<p>Alforjas de capacidad variable de 18 hasta 25 litros, fabricadas por Givi, para moto Kawasaki.</p>";ciudad,carretera,;"ALFORJAS 3D600";;;accesorio-givi-alforjas-3d600;"En stock";"Bajo pedido";1;2015-04-22;2015-04-22;1;http://bubumotos.com/data/producto/grande/1429701092_3d600_2.jpg,http://bubumotos.com/data/producto/grande/1429701114_3d600_5.jpg,http://bubumotos.com/data/producto/grande/1429701110_3d600_4.jpg,http://bubumotos.com/data/producto/grande/1429701106_3d600_3.jpg,http://bubumotos.com/data/producto/grande/1429701097_3d600_1.jpg;1;;0;;0;0;0;0;1;0;0;0
2448;1;"SOPORTE TE4104 ";61;98.264463;1;;1;11.90;10.008410;;;;;;64;;;;;;;;1;1;;;;;;"<p><strong>SOPORTE TE4104</strong>&nbsp;</p>
<p>Soporte para alforjas modelo 3D600 de Givi.</p>
<p>Mecanismo easylock.</p>";ciudad,carretera,;"SOPORTE TE4104 ";;;accesorio-givi-soporte-te4104;"En stock";"Bajo pedido";1;2015-04-22;2015-04-22;1;http://bubumotos.com/data/producto/grande/1429701770_soporte-alforjas-easylock-kawasaki-er6-n-f-12-.jpg,http://bubumotos.com/data/producto/grande/1429701775_soporte.jpg;1;;0;;0;0;0;0;1;0;0;0
2449;1;"VALPARAISO GR/AZ/RO";24;171.074380;1;;0;NULL;NULL;;;;;;11;;;;;;;;0;1;;;;;;"<p><strong>VALPARAISO GR/AZ/RO</strong></p>
<p>Pantal&oacute;n de cordura, transpirable e impermeable muy adaptable para largos recorridos.</p>";carretera,;"VALPARAISO GR/AZ/RO";;;pantalon-alpinestars-valparaiso-gr-az-ro;"En stock";"Bajo pedido";1;2015-04-23;2015-04-23;1;http://bubumotos.com/data/producto/grande/1429786560_drystars_blue.jpg;1;;0;;0;0;0;0;1;0;0;0
2450;1;"SMX-2 AIR CARBON VE/NE";14,37;61.942149;1;;1;5.95;7.938626;;;;;;11;;;;;;;;1;1;;;;;;"<p><strong>SMX-2 AIR CARBON VE/NE</strong></p>
<p>Guante de verano de color verde y negro, de piel con combinaci&oacute;n de malla t&eacute;cnica 3D, lo que lo hace ideal para los d&iacute;as calurosos de verano.</p>
<p>Incorpora protecci&oacute;n de carbono en los nudillos</p>";ciudad,carretera,;"SMX-2 AIR CARBON VE/NE";;;guantes-verano-alpinestars-smx-2-air-carbon-ve-ne;"En stock";"Bajo pedido";1;2015-04-24;2015-04-24;1;http://bubumotos.com/data/producto/grande/1429864061_smx2_aircarbon_glove_green_black_6.jpg;1;;0;;0;0;0;0;1;0;0;0
2452;1;"RPHA MAX EVO FLEET ";7,38;404.876033;1;;1;48.99;10.000000;;;;;;45;;;;;;;;0;1;;;;;;"<p><strong>CASCO RPHA MAX EVO</strong></p>
<p><strong>Casco modular dise&ntilde;ado con la tecnolog&iacute;a avanzada CAD para un ajuste y confort superiores siendo extremadamente c&oacute;modo, silencioso y ligero. &nbsp;</strong></p>
<p><span style=""text-decoration: underline;""><strong>CARACTER&Iacute;STICAS:</strong></span></p>
<p><strong>Calota externa</strong></p>
<ul>
<li>Fabricada con tecnolog&iacute;a Premium Integrated Matrix a partir de la combinaci&oacute;n de 3 materiales diferentes: fibra de carbono, aramida y fibra de vidrio dando como resultado una calota singularmente ligera y resistente.</li>
<li>Disponibles 3 modelos de calotas para un perfecto y compacto dimensionado; una para las tallas XS- S, otra para las M-L y una tercera para el tallaje XL-XXL.</li>
</ul>
<p><strong>Interior</strong></p>
<ul>
<li>Interiores Silvercool Plus&nbsp;COOL4EVERTM: Interior ligero, drenante, sin olores, anti-bacteriano y suave al tacto.</li>
<li>Tejido innovador con propiedades self-cooling enfri&aacute;ndose m&aacute;s r&aacute;pido que otras telas y muy importante para conducci&oacute;n con altas temperaturas.</li>
<li>Tanto las carrilleras como la coronilla son desmontables y lavables.</li>
</ul>
<p><strong>Pantalla</strong></p>
<ul>
<li>Pantalla frontal 3D con m&aacute;xima calidad de visi&oacute;n, preparada para Pinlock y con una protecci&oacute;n del 95% frente a los rayos ultravioleta.</li>
<li>Pantalla solar integrada, regulable mediante palanca deslizable en tres posiciones distintas con lente ahumada de f&aacute;cil y r&aacute;pido desmontaje.</li>
<li>Incluye lentes Pinlock 100% anti-vaho Max Vision.</li>
<li>Sistema de cambio de pantalla RapidFire que permite desmontar e instalar la pantalla de forma f&aacute;cil, r&aacute;pida y eficiente sin falta de herramientas.</li>
</ul>
<p><strong>Ventilaci&oacute;n</strong></p>
<ul>
<li>Sistema avanzado ACS de canalizaci&oacute;n de la ventilaci&oacute;n capaz de desviar y expulsar hacia el exterior el calor y la humedad del flujo de aire. &nbsp;</li>
</ul>
<p><strong>Seguridad</strong></p>
<ul>
<li>Sistema innovador One- Touch de apertura y cierre centralizado para garantizar un cierre extremadamente seguro.</li>
</ul>
<p><strong>Homologaci&oacute;n: ECE 22-05</strong> &nbsp;&nbsp;</p>";ciudad,carretera,;"RPHA MAX EVO FLEET ";;;casco-modular-hjc-rpha-max-evo-fleet;"En stock";"Bajo pedido";1;2015-04-25;2015-04-25;1;http://bubumotos.com/data/producto/grande/1432035619_2457_casco_rpha_max_evo_fleet_bubumotos.jpg,http://bubumotos.com/data/producto/grande/1432035698_2457_casco_rpha_max_evo_fleet_bubumotos_3.jpg,http://bubumotos.com/data/producto/grande/1432035694_2457_casco_rpha_max_evo_fleet_bubumotos_2.jpg;1;;0;;0;0;0;0;1;0;0;0
2453;1;"INTERIOR C3";57;43.000000;1;;0;NULL;NULL;;;;;;109;;;;;;;;1;1;;;;;;"<p><strong>INTERIOR C3</strong></p>
<p>Interior para casco C3 de Schuberth</p>";ciudad,carretera,;"INTERIOR C3";;;recambio-schuberth-interior-c3;"En stock";"Bajo pedido";1;2015-04-28;2015-04-28;1;http://bubumotos.com/data/producto/grande/1430215794_interior_c-3_jpg.jpg;1;;0;;0;0;0;0;1;0;0;0
2454;1;"CARRILLERAS C3";57;60.000000;1;;0;NULL;NULL;;;;;;109;;;;;;;;1;1;;;;;;"<p><strong>CARRILLERAS C3</strong></p>
<p>Carrilleras para casco C3 de Schuberth</p>";ciudad,carretera,;"CARRILLERAS C3";;;recambio-schuberth-carrilleras-c3;"En stock";"Bajo pedido";1;2015-04-28;2015-04-28;1;http://bubumotos.com/data/producto/grande/1430216079_par_de_mejillas_c3.jpg;1;;0;;0;0;0;0;1;0;0;0
2455;1;"RPHA 10 PLUS GREEN MAMBA MC4SF";7,40;371.818182;1;;0;NULL;NULL;;;;;;45;;;;;;;;0;1;;;;;;"<p><strong>CASCO RPHA10 PLUS GREEN MAMBA MC4SF</strong></p>
<p><strong> Jorge de Lorenzo, gran aficionado a los dise&ntilde;os impactantes, estren&oacute; este casco en el m&iacute;tico circuito de Indian&aacute;polis en 2013; un modelo que sigue la l&iacute;nea del &ldquo;mamba negra&rdquo; utilizando en esta ocasi&oacute;n un verde y naranja llamativos para representar a esta especie de reptil escamoso que se conoce por ser la serpiente m&aacute;s venenosa de &Aacute;frica y la m&aacute;s r&aacute;pida del mundo. &nbsp;&nbsp;</strong>&nbsp;</p>
<p><span style=""text-decoration: underline;""><strong>CARACTER&Iacute;STICAS:&nbsp;</strong></span>&nbsp;</p>
<p><strong><em> Calota Externa </em></strong></p>
<ul>
<li>Casco construido bajo tecnolog&iacute;a PIM (Premium Integrated Matrix) combinando tres materiales diferentes: fibra de carbono, aramida y fibra de vidrio que dan como resultado una calota muy ligera y resistente.</li>
</ul>
<p><strong><em>Interior</em></strong></p>
<ul>
<li>Interiores fabricados en Silvercool Plus, un material transpirable, antis&eacute;ptico y que evita los olores.</li>
<li>Las carrilleras as&iacute; como la coronilla se pueden desmontar y lavar. &nbsp;</li>
</ul>
<p><em><strong>Ventilaci&oacute;n</strong></em></p>
<ul>
<li>Sistema de ventilaci&oacute;n superior Max Air- Flow que permite ajustar el flujo del aire incluso con guantes. &nbsp;</li>
</ul>
<p><strong><em>Pantalla</em></strong></p>
<ul>
<li>Viene con una pantalla tintada oscura 2D as&iacute; como con la nueva versi&oacute;n, m&aacute;s ancha, de la lente insertable antivaho Pinlock, que evita que se empa&ntilde;e. &nbsp;</li>
<li>5 mm.</li>
<li>Posici&oacute;n inicial de la pantalla por la liberaci&oacute;n de su sistema de cierre. &nbsp;</li>
<li>Sistema de cambio de pantalla RapidFire que permite desmontar e instalar la pantalla de forma f&aacute;cil, r&aacute;pida y eficiente sin falta de herramientas. &nbsp;</li>
</ul>
<p><strong><em>Seguridad</em></strong></p>
<ul>
<li>Sistema autom&aacute;tico superior de cierre de pantalla mediante palanca. &nbsp;</li>
</ul>";ciudad,carretera,;"RPHA 10 PLUS GREEN MAMBA MC4SF";;;casco-integral-hjc-rpha-10-plus-green-mamba-mc4sf;"En stock";"Bajo pedido";1;2015-04-29;2015-04-29;1;http://bubumotos.com/data/producto/grande/1432049308_2455_casco_rpha_plus_green_mamba_mc4sf_bubumotos.jpg,http://bubumotos.com/data/producto/grande/1432049326_2455_casco_rpha_plus_green_mamba_mc4sf_bubumotos_4.jpg,http://bubumotos.com/data/producto/grande/1432049323_2455_casco_rpha_plus_green_mamba_mc4sf_bubumotos_5.jpg,http://bubumotos.co;1;;0;;0;0;0;0;1;0;0;0
2456;1;"FG17 ZODD MC10";40;178.429752;1;;0;NULL;NULL;;;;;;45;;;;;;;;0;1;;;;;;"<p><strong>FG17 ZODD MC10</strong></p>
<p>Casco&nbsp;HJC MODELO FG-17 ZODD con calota exterior fabricada en un compuesto avanzado de fibra de vidrio, casco muy ligero , gran ajuste y muy confortable gracias al uso de la tecnolog&iacute;a CAD.</p>
<p>El Interiordel casco esta fabricado en Silverool&trade;: Tejido muy avanzado antis&eacute;ptico, transpirable y antiolores, totalmente desmontable y lavable.</p>
<p>La pantalla lleva un sistema rapido para cambiarla llamado RapidFire&trade;: sistema simple y seguro que garantiza un eficiente y r&aacute;pido montaje y desmontaje sin necesidad de herramientas.</p>
<p>Entradas de aire en la parte de la morrera y superior, es un sistema avanzado de canalizaci&oacute;n de la ventilaci&oacute;n ACS: todo el flujo de aire es conducido de la parte frontal a la posterior, expulsando hacia fuera el calor y la humedad.</p>
<p>Se vende con pantalla clara preparada para Pinlock e incluye Pinlock 100% MaxVision.</p>
<p>&nbsp;</p>
<p>&nbsp;</p>
<p><iframe src=""https://www.youtube.com/embed/uvjjfLloN54"" frameborder=""0"" width=""420"" height=""315""></iframe></p>";ciudad,carretera,;"FG17 ZODD MC10";;;casco-integral-hjc-fg17-zodd-mc10;"En stock";"Bajo pedido";1;2015-04-29;2015-04-29;1;http://bubumotos.com/data/producto/grande/1430302516_zodd.jpg;1;;0;;0;0;0;0;1;0;0;0
2457;1;"RPHA ST BALMER MC4";7,40;330.495868;1;;1;40.00;10.002501;;;;;;45;;;;;;;;0;1;;;;;;"<p><strong> CASCO HJC INTEGRAL RPHA ST BALMER MC-4 LIGERO </strong></p>
<p><strong>Casco integral muy vers&aacute;til, ligero, y c&oacute;modo, con grandes prestaciones de seguridad. &nbsp;</strong></p>
<p><span style=""text-decoration: underline;""><strong>CARACTER&Iacute;STICAS: &nbsp;</strong></span></p>
<p><em><strong>Calota Externa</strong></em></p>
<ul>
<li>Calota fabricada en innovador composite de fibra de vidrio que hace que el casco resulte c&oacute;modo y ligero.</li>
<li>Su moldeado EPS permite el uso normal de gafas de ver o de sol.&nbsp;</li>
<li>Disponibles 3 modelos de calotas para un perfecto y compacto dimensionado; una para las tallas XS- S, otra para las M-L y una tercera para el tallaje XL-XXL. &nbsp;</li>
</ul>
<p><em><strong>Interior</strong></em></p>
<ul>
<li>Interiores fabricados en Silvercool Plus&trade;, un material transpirable, sin olores y con tejido plateado anti-bacteriano.</li>
<li>Tanto las carrilleras como la coronilla se pueden desmontar y lavar. &nbsp; &nbsp;</li>
</ul>
<p><em><strong>Pantalla</strong></em></p>
<ul>
<li>Pantalla solar integrada ahumada de f&aacute;cil y r&aacute;pido desmontaje.</li>
<li>Sistema de recambio de pantalla RapidFire que permite desmontar e instalar la pantalla de forma f&aacute;cil, r&aacute;pida y eficiente sin falta de herramientas.</li>
<li>5mm - Posici&oacute;n inicial de pantalla tras liberaci&oacute;n del sistema de cierre.</li>
<li>Pantalla preparada para Pinlock.</li>
<li>Se incluye lente anti-vaho Pinlock 100% Max Vision.&nbsp; &nbsp;</li>
</ul>
<p><em><strong>Ventilaci&oacute;n</strong></em></p>
<ul>
<li>Sistema de ventilaci&oacute;n superior Max Air-flow con entrada variable del flujo de aire que se puede regular incluso con guantes. &nbsp;</li>
</ul>
<p><em><strong>Seguridad</strong></em></p>
<ul>
<li>Sistema autom&aacute;tico superior de cierre de pantalla mediante palanca de control con resorte.</li>
</ul>";ciudad,carretera,;"RPHA ST BALMER MC4";;;casco-integral-hjc-rpha-st-balmer-mc4;"En stock";"Bajo pedido";1;2015-04-29;2015-04-29;1;http://bubumotos.com/data/producto/grande/1432034434_2457_casco_rpha_st_balmer_mc4_bubumotos.jpg,http://bubumotos.com/data/producto/grande/1432034447_2457_casco_rpha_st_balmer_mc4_bubumotos_4.jpg,http://bubumotos.com/data/producto/grande/1432034443_2457_casco_rpha_st_balmer_mc4_bubumotos_3.jpg,http://bubumotos.com/data/producto/grande/1432;1;;0;;0;0;0;0;1;0;0;0
2458;1;"VENTUS MOTION BL/ROSA";36;33.057851;1;;0;NULL;NULL;;;;;;24;;;;;;;;0;1;;;;;;"<p><strong>VENTUS MOTION</strong></p>
<p>Casco fabricado en ABS. Dos calotas exteriores. Calota de dise&ntilde;o ergon&oacute;mico.Cabe en el interior de una&nbsp; scooter Honda SH 125 .Pantalla GE Lexan &oacute;ptico; &uacute;nica para las dos calotas. Sistema de cierre autom&aacute;tico.&nbsp; Interior antialergico.</p>";ciudad,;"VENTUS MOTION BL/ROSA";;;casco-jet-mt-helmets-ventus-motion-bl-rosa;"En stock";"Bajo pedido";1;2015-04-30;2015-04-30;1;http://bubumotos.com/data/producto/grande/1430390895_ventus_motion_blanco_rosa_1.jpg,http://bubumotos.com/data/producto/grande/1430390904_ventus_motion_blanco_rosa_3.jpg,http://bubumotos.com/data/producto/grande/1430390899_ventus_motion_blanco_rosa_2.jpg;1;;0;;0;0;0;0;1;0;0;0
2459;1;"MX01 NE/NA";14,37;23.966942;1;;0;NULL;NULL;;;;;;63;;;;;;;;4;1;;;;;;"<p><strong>MX01 NE/NA</strong></p>
<p>Guantes de verano de color negro y naranja.</p>
<p>Fabricado en tejido mesh resistente a la abrasi&oacute;n y protecci&oacute;n en las falanges, dedos y en el borde externo de la mu&ntilde;eca.</p>
<p>Seguros y muy flexibles.</p>
<p>Ajuste con velcro en la mu&ntilde;eca y pu&ntilde;o corto.</p>";ciudad,carretera,;"MX01 NE/NA";;;guantes-verano-vquattro-mx01-ne-na;"En stock";"Bajo pedido";1;2015-05-02;2015-05-02;1;http://bubumotos.com/data/producto/grande/1430559091_vquattro-mx01-orange.jpg;1;;0;;0;0;0;0;1;0;0;0
2460;1;"AERO NE";14,37;57.024793;1;;0;NULL;NULL;;;;;;63;;;;;;;;5;1;;;;;;"<p><strong>AERO NE</strong></p>
<p>Guantes de verano de color negro.</p>
<p>Fabricado en tejido mesh resistente a la abrasi&oacute;n y protecci&oacute;n de carbono.</p>
<p>Seguros y muy flexibles.</p>";ciudad,carretera,;"AERO NE";;;guantes-verano-vquattro-aero-ne;"En stock";"Bajo pedido";1;2015-05-02;2015-05-02;1;http://bubumotos.com/data/producto/grande/1430559189_v_quattro_aero_553e120f72c1f.jpg;1;;0;;0;0;0;0;1;0;0;0
2461;1;"MX01 NE/VE";14,37;23.966942;1;;0;NULL;NULL;;;;;;63;;;;;;;;5;1;;;;;;"<p><strong>MX01 NE/VE</strong></p>
<p>Guantes de verano de color negro y naranja.</p>
<p>Fabricado en tejido mesh resistente a la abrasi&oacute;n y protecci&oacute;n en las falanges, dedos y en el borde externo de la mu&ntilde;eca.</p>
<p>Seguros y muy flexibles.</p>
<p>Ajuste con velcro en la mu&ntilde;eca y pu&ntilde;o corto.</p>";ciudad,carretera,;"MX01 NE/VE";;;guantes-verano-vquattro-mx01-ne-ve;"En stock";"Bajo pedido";1;2015-05-02;2015-05-02;1;http://bubumotos.com/data/producto/grande/1430559805_vquattro-mx01-green.jpg;1;;0;;0;0;0;0;1;0;0;0
2462;1;"LUC AIR";54;114.876033;1;;0;NULL;NULL;;;;;;11;;;;;;;;0;1;;;;;;"<p><strong>LUC AIR</strong></p>
<p>Chaqueta de verano con excelente refrigeraci&oacute;n para conducciones cortas.</p>
<p>Fabricada en material textil resistente a la abrasi&oacute;n y al agua. Incorpora protecciones.</p>
<p>&nbsp;</p>
<p>&nbsp;</p>";ciudad,;"LUC AIR";;;chaqueta-verano-alpinestars-luc-air;"En stock";"Bajo pedido";1;2015-05-05;2015-05-05;1;http://bubumotos.com/data/producto/grande/1430815720_luc_airjacket_1_1_1.jpg;1;;0;;0;0;0;0;1;0;0;0
2463;1;"KIT METALICO BMW BF22 ESP";61;9.561983;1;;0;NULL;NULL;;;;;;64;;;;;;;;1;1;;;;;;NULL;carretera,;"KIT METALICO BMW BF22 ESP";;;accesorio-givi-kit-metalico-bmw-bf22-esp;"En stock";"Bajo pedido";1;2015-05-05;2015-05-05;1;NULL;1;;0;;0;0;0;0;1;0;0;0
2464;1;"CELEBRITIES MARRON MATE";7,36;61.983471;1;;0;NULL;NULL;;;;;;22;;;;;;;;0;1;;;;;;"<p><strong>CELEBRITIES MARRON MATE</strong></p>
<p>El modelo Celebrities de Helix es un casco Jet en color marr&oacute;n, con acabado en piel sint&eacute;tica de l&iacute;nea cl&aacute;sica y elegante dise&ntilde;o. Est&aacute; fabricado en resina termopl&aacute;stica, con relleno protector multidensidad, pantalla 3D antiara&ntilde;azos y cierre r&aacute;pido microm&eacute;trico.</p>
<p>Caracter&iacute;sticas:</p>
<ul>
<li>Carcasa externa de resina termopl&aacute;stica.</li>
<li>Relleno protector multidensidad.</li>
<li>Pantalla 3D con tratamiento antiara&ntilde;azos.</li>
<li>Almohadillas laterales desmontables.</li>
<li>Cierre r&aacute;pido microm&eacute;trico.</li>
</ul>";ciudad,;"CELEBRITIES MARRON MATE";;;casco-jet-nzi-celebrities-marron-mate;"En stock";"Bajo pedido";1;2015-05-05;2015-05-05;1;http://bubumotos.com/data/producto/grande/1430821831_celebrities-matt-brown.jpg;1;;0;;0;0;0;0;1;0;0;0
2465;1;"LE MANS NE BR";7,36;64.462810;1;;0;NULL;NULL;;;;;;24;;;;;;;;1;1;;;;;;"<p><strong>LE MANS NE BR</strong></p>
<p>Casco de fibra de vidrio tipo jet de una sola calota externa y con homologaci&oacute;n europea ECE/ONU.22.05 y calota interna con aprobacion DOT (USA) de alta absorci&oacute;n de impactos.</p>
<p>Fabricado en Poliestireno y con multiple densidad interior.</p>
<p>Pantalla anti-rayas de Policarbonato con &oacute;ptimo sistema de cierre autom&aacute;tico. La pantalla se desmonta f&aacute;cilmente.</p>
<p>Su interior es lavable.&nbsp;</p>";ciudad,;"LE MANS NE BR";;;casco-jet-mt-helmets-le-mans-ne-br;"En stock";"Bajo pedido";1;2015-05-06;2015-05-06;1;http://bubumotos.com/data/producto/grande/1430909479_le_mans_solid_ne_br.jpg,http://bubumotos.com/data/producto/grande/1430909501_le_mans_solid_ne_br_4.jpg,http://bubumotos.com/data/producto/grande/1430909489_le_mans_solid_ne_br_3.jpg,http://bubumotos.com/data/producto/grande/1430909485_le_mans_solid_ne_br_2.jpg;1;;0;;0;0;0;0;1;0;0;0
2466;1;"INTERCOMUNICADOR M1";20;45.454545;1;;0;NULL;NULL;;;;;;24;;;;;;;;0;1;;;;;;"<p><strong>INTERCOMUNICADOR M1</strong></p>
<p>Manos Libres Bluetooth para cascos con respuesta vocal.</p>
<p>F&aacute;cil instalaci&oacute;n.</p>
<p>Compatible con todos los dispositivos Bluetooth transmisores de audio (HSP, HFP, A2DP).</p>";ciudad,carretera,;"INTERCOMUNICADOR M1";;;intercomunicador-mt-helmets-intercomunicador-m1;"En stock";"Bajo pedido";1;2015-05-07;2015-05-07;1;http://bubumotos.com/data/producto/grande/1430994924_alotech-1.jpg;1;;0;;0;0;0;0;1;0;0;0
2467;1;"MONTESA CLASSIC HC1150";7,36;115.619835;1;;0;NULL;NULL;;;;;;75;;;;;;;;1;1;;;;;;"<p><strong>MONTESA CLASSIC</strong></p>
<p>Fabricado en material termopl&aacute;stico ABS de&nbsp;poliestireno expandido en TRES densidades</p>
<p>Dos medidas de calota para un mayor confort en cada talla.</p>
<p>Interior totalmente desmontable. Fabricado con laminado de espuma de diferentes densidades, recubierta de tejido hipo al&eacute;rgico para un perfecto confort.</p>
<p>Pantalla interna escamoteable e intercambiable fabricada en policarbonato antirayaduras transparente de serie y ahumada opcional como recambio.</p>
<p>Cierre micro regulable de accionamiento r&aacute;pido.</p>
<p>Ventilaci&oacute;n a trav&eacute;s de dos entradas frontales y dos salidas posteriores que proporcionan corriente interna entre el EPS y la calota. Entradas laterales para una mejor audici&oacute;n y aireaci&oacute;n.</p>
<p>Peso 1.1150grs &plusmn; 50 gr</p>";ciudad,;"MONTESA CLASSIC HC1150";;;casco-jet-hebo-montesa-classic-hc1150;"En stock";"Bajo pedido";1;2015-05-08;2015-05-08;1;http://bubumotos.com/data/producto/grande/1431073221_casco-montesa-classic-zone_1.jpg,http://bubumotos.com/data/producto/grande/1431073234_casco-montesa-classic-zone_4.jpg,http://bubumotos.com/data/producto/grande/1431073230_casco-montesa-classic-zone_3.jpg,http://bubumotos.com/data/producto/grande/1431073226_casco-montesa-classic-zone_2.j;1;;0;;0;0;0;0;1;0;0;0
2471;1;"TRIAL ZONE 3 SQUARE II HC1111";7,36;112.305785;1;;0;NULL;NULL;;;;;;75;;;;;;;;2;1;;;;;;"<p><strong>TRIAL ZONE 3 SQUARE II HC1111</strong></p>
<p>Casco de trial de doble calota fabricada en material termopl&aacute;stico ABS&nbsp;en poliestireno expandido de tres densidades.</p>
<p>Interior totalmente desmontable. Fabricado con laminado de espuma de diferentes densidades, recubierta de tejido hipoal&eacute;rgico para un efecto confort.</p>
<p>Pantalla interna escamoteable e intercambiable, fabricada en policarbonato antirayaduras transparente de serie para una protecci&oacute;n ocular contra agentes externos y ahumada opcional como recambio.</p>
<p>Cierre micro regulable de accionamiento r&aacute;pido.&nbsp;</p>
<p>Ventilaci&oacute;n: Dos entradas frontales y dos salidas posteriores que proporcionan corriente interna entre el EPS y la calota, proporcionando aire fresco en su interior. Entradas laterales para una mejor audici&oacute;n y aireaci&oacute;n.</p>
<p>Visera fabricada en pl&aacute;stico polipropileno (PP) con nuevo sistema de anclaje con s&oacute;lo dos tornillos laterales.</p>";;"TRIAL ZONE 3 SQUARE II HC1111";;;casco-jet-hebo-trial-zone-3-square-ii-hc1111;"En stock";"Bajo pedido";1;2015-05-08;2015-05-08;1;http://bubumotos.com/data/producto/grande/1431076204_casco-zone-3-square.jpg;1;;0;;0;0;0;0;1;0;0;0
2472;1;"RS LIFT LADY HP";14,37;32.231405;1;;0;NULL;NULL;;;;;;114;;;;;;;;0;1;;;;;;"<p><strong>RS LIFT LADY HP</strong></p>
<p>Guantes de verano muy ligeros.</p>
<p>Protecciones incorporadas.</p>
<p>Pu&ntilde;o ajustable con velcro.</p>";ciudad,carretera,;"RS LIFT LADY HP";;;guantes-verano-ixon-rs-lift-lady-hp;"En stock";"Bajo pedido";1;2015-05-08;2015-05-08;1;http://bubumotos.com/data/producto/grande/1431079602_lift_1.jpg,http://bubumotos.com/data/producto/grande/1431079606_lift_2.jpg;1;;0;;0;0;0;0;1;0;0;0
2474;1;"RIVIERA V2+ITALIA";7,36;99.090909;1;;1;34.90;29.107590;;;;;;70;;;;;;;;3;1;;;;;;"<p><strong>RIVIERA V2+ITALIA</strong></p>
<p>Casco Jet fabricado por Caberg&nbsp;ideal para el uso diario en la ciudad.</p>
<p>Casco de doble calota fabricado en resina termopl&aacute;stica de alta resistencia que incorpora el&nbsp;sistema de doble visera Tech con&nbsp;sistema de liberaci&oacute;n r&aacute;pida de visera que no requiere ninguna herramienta para los pasos del desmontaje.</p>
<p>Cierre&nbsp;microm&eacute;trico</p>
<p>Interior totalmente hipoalerg&eacute;nico, desmontable y lavable hecho de tejido de alta transpiraci&oacute;n.</p>
<p>Homologaci&oacute;n:ECE 22.05</p>
<p>Peso:1050 + /-50 gr.</p>";ciudad,;"RIVIERA V2+ITALIA";;;casco-jet-caberg-riviera-v2-italia;"En stock";"Bajo pedido";1;2015-05-09;2015-05-09;1;http://bubumotos.com/data/producto/grande/1431160497_riviera_v2+italia_1.jpg,http://bubumotos.com/data/producto/grande/1431160508_riviera_v2+italia_3.jpg,http://bubumotos.com/data/producto/grande/1431160503_riviera_v2+italia_2.jpg;1;;0;;0;0;0;0;1;0;0;0
2475;1;"JET SINTESI BL";7,36;120.247934;1;;1;70.50;48.453608;;;;;;70;;;;;;;;3;1;;;;;;"<p><strong>JET SINTESI BL</strong></p>
<p>Casco Jet fabricado por Caberg y realizado en resina termopl&aacute;stica THH.</p>
<p>Interior extra&iacute;ble en tejido&nbsp;Coolmax&nbsp;antial&eacute;rgico.</p>
<p>Pantalla exterior incolora tratada antirrayadas y visor solar&nbsp;interno de posici&oacute;n gradual.</p>
<p>Cierre de retenci&oacute;n microm&eacute;trico.</p>
<p>Peso aprox: 1.150gr. +-50gr.</p>";ciudad,;"JET SINTESI BL";;;casco-jet-caberg-jet-sintesi-bl;"En stock";"Bajo pedido";1;2015-05-09;2015-05-09;1;http://bubumotos.com/data/producto/grande/1431163123_sintesi_bl_1.jpg;1;;0;;0;0;0;0;1;0;0;0
2476;1;"ROOF BOXER V8 BOND";7,38;255.471074;1;;0;NULL;NULL;;;;;;68;;;;;;;;1;1;;;;;;"<p><strong>ROOF BOXER V8 BOND</strong></p>
<p>Casco modular de color negro titanium fabricado por Caberg de fibra de vidrio.</p>
<p>Pantalla semitintada (50%Solar) con tratamiento antirayas y antivaho.&nbsp;</p>
<p>Interior, confortable, ajustable, desmontable y lavable.</p>
<p>Ventilaci&oacute;n:&nbsp;Dos aireaciones reglables en la mentonera y una toma de aire superior tipo Venturi que proporcionan una buena aireaci&oacute;n.&nbsp;</p>
<p>Incorpora un nuevo sistema de cierre de la mentonera que hace una rotaci&oacute;n de 180&deg; para un aerodinamismo mejorado.</p>
<p>Homologado E2205.</p>
<p>Peso: 1650 gr (+/- 50 gr)</p>";ciudad,carretera,;"ROOF BOXER V8 BOND";;;casco-modular-roof-roof-boxer-v8-bond;"En stock";"Bajo pedido";1;2015-05-09;2015-05-09;1;http://bubumotos.com/data/producto/grande/1431164088_roof_boser_v8_bond_1.jpg,http://bubumotos.com/data/producto/grande/1431164093_roof_boser_v8_bond_2.jpg;1;;0;;0;0;0;0;1;0;0;0
2477;1;VANCORE;7,40;200.000000;1;;0;NULL;NULL;;;;;;115;;;;;;;;0;1;;;;;;"<p><strong>VANCORE</strong></p>
<p>Casco de moto integral fabricado por SHARK.</p>
<p>Casco de moto con un dise&ntilde;o impresionante, que recuerda a los cascos usados en videojuegos de combate, snowboard y motos retro.</p>
<p>Calota aerodin&aacute;mica que se adapta a la forma de tu craneo, fabricada con resina inyectada TIS-Lexan, tratamiento exterior antirayaduras y tratamiento interior antivaho. M&aacute;scara de protecci&oacute;n facial de dise&ntilde;o agresivo, f&aacute;cilmente extra&iacute;ble. Doble pantalla antivaho y resistente a los ara&ntilde;azos,&nbsp;sistema de liberaci&oacute;n r&aacute;pida gafas de desenganche r&aacute;pido.</p>
<p>Interior hecho de fibra de bamb&uacute; muy c&oacute;modo, se puede lavar m&aacute;ximo a 30&ordm; o usando un programa de ropa delicada.</p>
<p>Sistema de ventilaci&oacute;n a trav&eacute;s de canales de aire y difusores.</p>
<p>Cierre microm&eacute;trico.&nbsp;</p>";ciudad,carretera,;VANCORE;;;casco-integral-shark-vancore;"En stock";"Bajo pedido";1;2015-05-09;2015-05-09;1;http://bubumotos.com/data/producto/grande/1431165476_shark-vancore-one-more-cool-raw-helmet_4.jpg;1;;0;;0;0;0;0;1;0;0;0
2479;1;"LLAVERO PORTALLAVES";61;3.305785;1;;1;4.00;100.000000;;;;;;141;;;;;;;;30;1;;;;;;"<p>Llavero portallaves.</p>";ciudad,carretera,cross,trial,casual,;"LLAVERO PORTALLAVES";;;accesorio-traffik-llavero-portallaves;"En stock";"Bajo pedido";1;2015-05-11;2015-05-11;1;http://bubumotos.com/data/producto/grande/1431360485_triangulo-traffik.jpg;1;;0;;0;0;0;0;1;0;0;0
2481;1;"FF322 CONCEPT II VOLTAGE BL/GR";7,40;106.611570;1;;0;NULL;NULL;;;;;;15;;;;;;;;0;1;;;;;;"<p><strong>FF322 CONCEPT II VOLTAGE BL/GR</strong></p>
<p>Casco integral de color blanco y gris fabricado por LS2 en calota de policarbonato y pantalla&nbsp;antivaho y antiara&ntilde;azos preparado para Pinlock con pantalla solar integrada.</p>
<p>Incorpora sistema de fijaci&oacute;n para Tearoff (l&aacute;mina antisuciedad).</p>
<p>Ventilaci&oacute;n:&nbsp;Sistema de entrada y salida de aire.</p>
<p>Cierre:&nbsp;Microm&eacute;trico</p>
<p>Interior :Tejido transpirable con tratamiento antibacteriano y almohadillas preformadas corte l&aacute;ser que mejoran la adaptaci&oacute;n. Completamente extra&iacute;ble y lavable. Cortinilla de mentonera.</p>
<p>CERTIFICADO:&nbsp;ECE 22.05</p>
<p>PESO:&nbsp;1550gr</p>";ciudad,carretera,;"FF322 CONCEPT II VOLTAGE BL/GR";;;casco-integral-ls2-ff322-concept-ii-voltage-bl-gr;"En stock";"Bajo pedido";1;2015-05-12;2015-05-12;1;http://bubumotos.com/data/producto/grande/1431422052_ff322_conceptii_bl_gris.jpg;1;;0;;0;0;0;0;1;0;0;0
2482;1;"FF322 CONCEPT II VOLTAGE BL/RO";7,40;106.611570;1;;0;NULL;NULL;;;;;;15;;;;;;;;0;1;;;;;;"<p><strong>FF322 CONCEPT II VOLTAGE BL/RO</strong></p>
<p>Casco integral de color blanco y rojo fabricado por LS2 en calota de policarbonato, pantalla&nbsp;antivaho y antiara&ntilde;azos preparado para Pinlock con pantalla solar integrada.</p>
<p>Incorpora sistema de fijaci&oacute;n para Tearoff (l&aacute;mina antisuciedad).</p>
<p>Ventilaci&oacute;n:&nbsp;Sistema de entrada y salida de aire.</p>
<p>Cierre:&nbsp;Microm&eacute;trico</p>
<p>Interior :Tejido transpirable con tratamiento antibacteriano y almohadillas preformadas corte l&aacute;ser que mejoran la adaptaci&oacute;n. Completamente extra&iacute;ble y lavable. Cortinilla de mentonera.</p>
<p>CERTIFICADO:&nbsp;ECE 22.05</p>
<p>PESO:&nbsp;1550gr</p>";ciudad,carretera,;"FF322 CONCEPT II VOLTAGE BL/RO";;;casco-integral-ls2-ff322-concept-ii-voltage-bl-ro;"En stock";"Bajo pedido";1;2015-05-12;2015-05-12;1;http://bubumotos.com/data/producto/grande/1431422212_ff322_conceptii_voltage__bl_ro.jpg;1;;0;;0;0;0;0;1;0;0;0
2483;1;"OF561 DINOCO NE";7,36;65.289256;1;;0;NULL;NULL;;;;;;15;;;;;;;;0;1;;;;;;"<p><strong>OF561 DINOCO NE</strong></p>
<p>Casco jet de color negro fabricado por LS2 de doble calota de policarbonato, ideal para ciudad.</p>
<p>La pantalla es antiara&ntilde;azos.</p>
<p>Mecanismo autom&aacute;tico de r&aacute;pida extracci&oacute;n con cierre microm&eacute;trico.</p>
<p>El interior es de tejido transpirable con tratamiento antibacteriano, completamente extra&iacute;ble y lavable.</p>
<p>CERTIFICADO:&nbsp;ECE 22.05</p>
<p>PESO:&nbsp;1200gr</p>";ciudad,;"OF561 DINOCO NE";;;casco-jet-ls2-of561-dinoco-ne;"En stock";"Bajo pedido";1;2015-05-12;2015-05-12;1;http://bubumotos.com/data/producto/grande/1431425121_of561_wave_dinoco_305614012_700.jpg;1;;0;;0;0;0;0;1;0;0;0
2484;1;"SH-821 MOTION II RO";7,40;45.454545;1;;0;NULL;NULL;;;;;;89;;;;;;;;1;1;;;;;;"<p><strong>SH-821 MOTION II RO</strong></p>
<p>Casco integral fabricado por Shiro con calota de policarbonato.</p>
<p>Interior de tejidos de alta calidad transpirables, muy confortable, desmontable y lavable.</p>
<p>Pantalla de doble corbatura, antirayaduras y de f&aacute;cil substituci&oacute;n.</p>
<p>Ventilaci&oacute;n: 5 ventilaciones para asegurar el efecto Venturi.</p>
<p>Peso: 1.400 gr aprox.</p>";ciudad,carretera,;"SH-821 MOTION II RO";;;casco-integral-shiro-sh-821-motion-ii-ro;"En stock";"Bajo pedido";1;2015-05-13;2015-05-13;1;http://bubumotos.com/data/producto/grande/1431505206_moion_rojo_1.jpg,http://bubumotos.com/data/producto/grande/1431505210_moion_rojo_2.jpg;1;;0;;0;0;0;0;1;0;0;0
2485;1;"INTERIOR XR-1100 QWEST ";61;29.000000;1;;0;NULL;NULL;;;;;;40;;;;;;;;1;1;;;;;;"<p><strong>INTERIOR XR-1100 QWES</strong>T&nbsp;</p>
<p>Almohadillas laterales fabricadas por Shoei para el modelo de casco Xr-1100 y Qwest.</p>";ciudad,carretera,;"INTERIOR XR-1100 QWEST ";;;accesorio-shoei-interior-xr-1100-qwest;"En stock";"Bajo pedido";1;2015-05-13;2015-05-13;1;http://bubumotos.com/data/producto/grande/1431513723_interior_lateral_xr1_100qwes.jpg;1;;0;;0;0;0;0;1;0;0;0
2486;1;"PINLOCK MT";NULL;17.355372;1;;0;NULL;NULL;;;;;;24;;;;;;;;0;1;;;;;;NULL;ciudad,carretera,;"PINLOCK MT";;;mt-helmets-pinlock-mt;"En stock";"Bajo pedido";1;2015-05-13;2015-05-13;1;http://bubumotos.com/data/producto/grande/1431534080_pinlock_mt.jpg;1;;0;;0;0;0;0;1;0;0;0
2488;1;"STELLA ANDES";8,55;82.603306;1;;0;NULL;NULL;;;;;;11;;;;;;;;2;1;;;;;;"<p><strong>STELLA ANDES</strong></p>
<p>Chaqueta femenina y muy c&oacute;moda fabricada por Alpinestars.</p>
<p>Caracter&iacute;sticas:</p>
<ul>
<li>resistente a la abrasi&oacute;n</li>
<li>impermeable</li>
<li>gran nivel de transpiraci&oacute;n</li>
<li>protecciones incorporadas</li>
<li>incorpora detalles y logotipos gr&aacute;ficos reflectantes para una mejor visibilidad</li>
<li>bolsillos internos y externos</li>
<li>Desmontable forro t&eacute;rmico de manga larga</li>
</ul>";ciudad,carretera,;"STELLA ANDES";;;chaqueta-invierno-alpinestars-stella-andes;"En stock";"Bajo pedido";1;2015-05-14;2015-05-14;1;http://bubumotos.com/data/producto/grande/1431592759_stella_andes_drystar_jacket_black_3.jpg;1;;0;;0;0;0;0;1;0;0;0
2489;1;"PANTALLA AHUMDA SA 2010";42;21.000000;1;;0;NULL;NULL;;;;;;24;;;;;;;;1;1;;;;;;"<p><strong>PANTALLA AHUMDA SA 2010</strong></p>
<p>Pantalla ahumada con tear off para casco de karting o coche modelo SA 2010 fabricados por MT</p>";ciudad,carretera,;"PANTALLA AHUMDA SA 2010";;;accesorio-mt-helmets-pantalla-ahumda-sa-2010;"En stock";"Bajo pedido";1;2015-05-16;2015-05-16;1;http://bubumotos.com/data/producto/grande/1431766526_pantalla_ahumada_sa_2010.jpg;1;;0;;0;0;0;0;1;0;0;0
2490;1;"MX-2 NE RO";14;26.900826;1;;0;NULL;NULL;;;;;;16;;;;;;;;3;1;;;;;;"<p><strong>MX-2 NE RO</strong></p>
<p>Guantes de cross de color negro y rojo fabricados por On Board en tejido de malla de amaral, lycra y nylon.</p>
<p>Ofrece un excelente tacto y muy confortables.</p>
<p>Incorpora &nbsp;protecci&oacute;n en los nudillos y dedos con inyecci&oacute;n de goma. &nbsp;Reforzados en la palma con piel.</p>
<p>Cierre ajustable con velcro en la mu&ntilde;eca.</p>";cross,trial,casual,;"MX-2 NE RO";;;guantes-on-board-mx-2-ne-ro;"En stock";"Bajo pedido";1;2015-05-16;2015-05-16;1;http://bubumotos.com/data/producto/grande/1431767660_mx-2_ne_ro.jpg;1;;0;;0;0;0;0;1;0;0;0
2491;1;"MX-2 NE GR";14;26.900826;1;;0;NULL;NULL;;;;;;16;;;;;;;;5;1;;;;;;"<p><strong>MX-2 NE GR</strong></p>
<p>Guantes de cross de color negro y gris fabricados por On Board en tejido de malla de amaral, lycra y nylon.</p>
<p>Ofrece un excelente tacto y muy confortables.</p>
<p>Incorpora &nbsp;protecci&oacute;n en los nudillos y dedos con inyecci&oacute;n de goma. &nbsp;Reforzados en la palma con piel.</p>
<p>Cierre ajustable con velcro en la mu&ntilde;eca.</p>";cross,trial,casual,;"MX-2 NE GR";;;guantes-on-board-mx-2-ne-gr;"En stock";"Bajo pedido";1;2015-05-16;2015-05-16;1;http://bubumotos.com/data/producto/grande/1431768376_mx-2_ne_gr.jpg;1;;0;;0;0;0;0;1;0;0;0
2492;1;"MX-2 NE NA";14;26.900826;1;;0;NULL;NULL;;;;;;16;;;;;;;;4;1;;;;;;"<p><strong>MX-2 NE NA</strong></p>
<p>Guantes de cross de color negro y naranja fabricados por On Board en tejido de malla de amaral, lycra y nylon.</p>
<p>Ofrece un excelente tacto y muy confortables.</p>
<p>Incorpora &nbsp;protecci&oacute;n en los nudillos y dedos con inyecci&oacute;n de goma. &nbsp;Reforzados en la palma con piel.</p>
<p>Cierre ajustable con velcro en la mu&ntilde;eca.</p>";cross,trial,casual,;"MX-2 NE NA";;;guantes-on-board-mx-2-ne-na;"En stock";"Bajo pedido";1;2015-05-16;2015-05-16;1;http://bubumotos.com/data/producto/grande/1431768565_mx-2_ne_na.jpg;1;;0;;0;0;0;0;1;0;0;0
2493;1;"TROPHY STAR 9 BM";7,40;184.297521;1;;0;NULL;NULL;;;;;;97;;;;;;;;1;1;;;;;;"<p><strong>TROPHY STAR 9 BM</strong></p>
<p>Casco de moto integral modelo Trophy fabricado por Premier que imita el dise&ntilde;o de los cascos de moto de los a&ntilde;os 70 de tipo retro pero con la tecnolog&iacute;a, la seguridad y la calidad actuales.&nbsp;</p>
<p>Compuesto de fibra de carbono, dyneema y aramida.</p>
<p>La pantalla es id&eacute;ntica a las utilizadas en los a&ntilde;os 70 pero est&aacute; homologada, est&aacute; tratada con un tratamiento antiara&ntilde;azos que garantiza una excelente visibilidad.&nbsp;</p>
<p>El forro interior, desmontable, est&aacute; realizado con tejido de Sanitized antial&eacute;rgico con acabados de cuero sint&eacute;tico que&nbsp;tambi&eacute;n se encuentra en perfecta armon&iacute;a con el estilo retro.</p>
<p>Cierre de doble anilla o Double D.</p>";ciudad,carretera,;"TROPHY STAR 9 BM";;;casco-integral-premier-trophy-star-9-bm;"En stock";"Bajo pedido";1;2015-05-19;2015-05-19;1;http://bubumotos.com/data/producto/grande/1432031396_trophy-star-9-bm-.jpg;1;;0;;0;0;0;0;1;0;0;0
2494;1;"ATACAMA AIR NE";14,37;49.545455;1;;1;14.95;24.937448;;;;;;11;;;;;;;;13;1;;;;;;"<p><strong>ATACAMA AIR NE</strong></p>
<p>Guante de verano de color negro fabricado por Alpinestar.</p>
<p>Ideal para carretera, extremadamente flexible y ligero, con un acabado de malla 3D para un excelente flujo de aire y refuerzo estrat&eacute;gico en &aacute;reas cr&iacute;ticas.</p>";ciudad,carretera,;"ATACAMA AIR NE";;;guantes-verano-alpinestars-atacama-air-ne;"En stock";"Bajo pedido";1;2015-05-20;2015-05-20;1;http://bubumotos.com/data/producto/grande/1432112933_atacama_ne.jpg;1;;0;;0;0;0;0;1;0;0;0
2495;1;"PROTECTOR CA";61;11.198347;1;;0;NULL;NULL;;;;;;92;;;;;;;;1;1;;;;;;"<p><strong>PROTECTOR CA</strong></p>
<p>Protector de dep&oacute;sito de color carbono.</p>
<p>Ideal para todo tipo de motos, naked, carretera.</p>
<p>Se puede ajustar a varias medidas.</p>";ciudad,carretera,;"PROTECTOR CA";;;accesorio-puig-protector-ca;"En stock";"Bajo pedido";1;2015-05-20;2015-05-20;1;http://bubumotos.com/data/producto/grande/1432120356_perfomarce_carbono.jpg;1;;0;;0;0;0;0;1;0;0;0
2496;1;"PROTECTOR T";61;11.198347;1;;0;NULL;NULL;;;;;;92;;;;;;;;5;1;;;;;;"<p><strong>PROTECTOR T</strong></p>
<p>Protector de dep&oacute;sito transparente.</p>
<p>Ideal para todo tipo de motos, naked, carretera.</p>
<p>Se puede ajustar a varias medidas.</p>";ciudad,carretera,;"PROTECTOR T";;;accesorio-puig-protector-t;"En stock";"Bajo pedido";1;2015-05-20;2015-05-20;1;http://bubumotos.com/data/producto/grande/1432120572_perfomarce.jpg;1;;0;;0;0;0;0;1;0;0;0
